Altium Designer Pick and Place Locations
C:\Users\sturn\Desktop\Thunderbots\Electrical\PCB_Breakbeam\Phototransistor Board\Phototransistor Board\Project Outputs for Phototransistor Board\Pick Place\photov1.0_Fab_Outputs.csv

========================================================================================================================
File Design Information:

Date:       19-03-23
Time:       12:07
Revision:   12a09a66c124efbd0cf35b4784207a41a7be299c
Variant:    No variations
Units used: mm

"Designator","Comment","Layer","Footprint","Center-X(mm)","Center-Y(mm)","Rotation","Description"
"B2","Test Point (Via)","TopLayer","TP","5.2500","14.7500","0",""
"B1","Test Point (Via)","TopLayer","TP","5.2500","1.2500","0",""
"J1","SM04B-SRSS-TB(LF)(SN)","TopLayer","CONN_SM04B_JST","7.4375","8.7500","90","CONN HEADER SMD R/A 4POS 1MM"
"R1","10M","TopLayer","0603","6.0000","4.2501","180","RES SMD 5.1 MOHM 5% 1/8W 0603"
"R2","10M","TopLayer","0603","6.0000","13.2500","180","RES SMD 5.1 MOHM 5% 1/8W 0603"
"Q1","TEFT4300","BottomLayer","IRLEDFOOTPRINT","2.0000","3.0000","270","Phototransistor 925nm Top View Radial, 3mm Dia _T-1_"
"Q2","TEFT4300","BottomLayer","IRLEDFOOTPRINT","2.0000","9.0200","90","Phototransistor 925nm Top View Radial, 3mm Dia _T-1_"
