Altium Designer Pick and Place Locations
C:\Users\sturn\Desktop\Thunderbots\Electrical\PCB_Breakbeam\IRLED Board\IRLED Board\Project Outputs for IRLED Board\Pick Place\IRV1.0_Fab_Outputs.csv

========================================================================================================================
File Design Information:

Date:       19-03-23
Time:       11:58
Revision:   12a09a66c124efbd0cf35b4784207a41a7be299c
Variant:    No variations
Units used: mm

"Designator","Comment","Layer","Footprint","Center-X(mm)","Center-Y(mm)","Rotation","Description"
"C3","10uF","TopLayer","0603","2.2460","15.2480","0","Default Symbol for Capacitors"
"C2","10uF","TopLayer","0603","4.7500","15.2500","180","Default Symbol for Capacitors"
"C1","10uF","TopLayer","0603","5.5000","1.5000","90","Default Symbol for Capacitors"
"R2","24","TopLayer","1206","3.5000","13.2500","0","Default Resistor Symbol"
"R1","24","TopLayer","1206","3.5000","5.2500","0","Default Resistor Symbol"
"J1","SM02B-SRSS-TB","TopLayer","SM02B-SRSS-TB(LF)(SN)","3.4375","9.2000","270","No Description Available"
"D2","TSAL4400","BottomLayer","IR940FOOTPRINT","9.0000","9.0000","90","Infrared Emitter 940nm 36mW/sr Circular Top Mount 2-Pin T-1 Bulk"
"D1","TSAL4400","BottomLayer","IR940FOOTPRINT","9.0000","3.0000","270","Infrared Emitter 940nm 36mW/sr Circular Top Mount 2-Pin T-1 Bulk"
