Altium Designer Pick and Place Locations
C:\Users\sturn\Desktop\Thunderbots\Electrical\PCB_Breakbeam\Control Board\Control Board\Project Outputs for Control Board\Pick Place\BreakbeamV1.0_Fab_Outputs.csv

========================================================================================================================
File Design Information:

Date:       19-03-23
Time:       12:17
Revision:   0e79dea24a1f410425d6838340bd94bca6df89ae
Variant:    No variations
Units used: mm

"Designator","Comment","Layer","Footprint","Center-X(mm)","Center-Y(mm)","Rotation","Description"
"1V5","Test Point (Via)","TopLayer","TP","31.6500","5.9500","90",""
"ESP","Test Point (Via)","TopLayer","TP","23.1000","6.3000","90",""
"B1","Test Point (Via)","TopLayer","TP","48.0000","6.0000","0",""
"B2CP","Test Point (Via)","TopLayer","TP","38.9361","5.9205","90",""
"B2","Test Point (Via)","TopLayer","TP","49.2500","1.2500","0",""
"B1CP","Test Point (Via)","TopLayer","TP","39.2000","1.3000","90",""
"U2","MCP6541RT-E/OT","TopLayer","SOT-23-5_MC_MCH-L","45.2500","8.2804","90","IC COMP 1.6V SNGL P-P SOT23-5"
"U3","SN74AHC1G08DBV3","TopLayer","SOT-23-5_MC_MCH-L","36.2554","3.4750","180","IC GATE AND 1CH 2-INP SOT23-5"
"U4","MCP6541RT-E/OT","TopLayer","SOT-23-5_MC_MCH-L","45.2500","2.7304","270","IC COMP 1.6V SNGL P-P SOT23-5"
"U1","REF2030QDDCRQ1","TopLayer","SOT-23-5_MC_MCH-L","36.3054","8.4250","180","Series Voltage Reference IC Fixed 1.5V, 3V V �0.05% 20 mA SOT-23-THIN"
"R4","JUMPER","TopLayer","0603","32.0000","3.3250","0","RES SMD 0 OHM JUMPER GENERIC 0603"
"R3","100","TopLayer","0603","24.4000","8.9000","0","Default Resistor Symbol"
"R2","JUMPER","TopLayer","0603","32.0000","4.4250","0","RES SMD 0 OHM JUMPER GENERIC 0603"
"R1","JUMPER","TopLayer","0603","32.0000","2.2250","0","RES SMD 0 OHM JUMPER GENERIC 0603"
"Q1","FET P_CH SOT23_3","TopLayer","SOT-23A-3","27.7500","7.5900","90","P-Channel MOSFET General Purpose P-CH SOT23-3"
"J3","SM02B-SRSS-TB","TopLayer","SM02B-SRSS-TB(LF)(SN)","8.9468","8.7093","180","No Description Available"
"J2","SM04B-SRSS-TB(LF)(SN)","TopLayer","CONN_SM04B_JST","51.2000","8.6625","180","CONN HEADER SMD R/A 4POS 1MM"
"J1","B3B-XH-A(LF)(SN)","TopLayer","JST_B3B-XH-A(LF)(SN)","15.2750","6.3250","90","Connector Header Through Hole 3 position 0.098 (2.50mm)"
"D1","0603 2V","TopLayer","0603_-_LED","21.5000","8.9250","180","LED Uni-Color Green 574nm 2-Pin Chip LED T/R"
"C11","1uF","TopLayer","0603","48.5000","3.3000","0","Default Symbol for Capacitors"
"C10","1uF","TopLayer","0603","41.9000","5.2000","180","Default Symbol for Capacitors"
"C9","10uF","TopLayer","0603","20.0000","1.4750","0","CAP CER 10UF 16V X5R 0603/0805"
"C8","10uF","TopLayer","0603","20.0000","2.7250","0","CAP CER 10UF 16V X5R 0603/0805"
"C7","10uF","TopLayer","0603","23.1000","2.7155","180","CAP CER 10UF 16V X5R 0603/0805"
"C6","10uF","TopLayer","0603","23.1000","1.4655","180","CAP CER 10UF 16V X5R 0603/0805"
"C5","0.10uF","TopLayer","0603","48.5000","4.5000","180","CAP CER 0.10UF 16V X5R 0603"
"C4","0.10uF","TopLayer","0603","35.7000","1.2250","180","CAP CER 0.10UF 16V X5R 0603"
"C3","0.10uF","TopLayer","0603","41.9000","6.4000","0","CAP CER 0.10UF 16V X5R 0603"
"C2","0.10uF","TopLayer","0603","33.3500","8.3250","90","CAP CER 0.10UF 16V X5R 0603"
"C1","0.10uF","TopLayer","0603","38.9500","8.4250","270","CAP CER 0.10UF 16V X5R 0603"
